1171151011144949;user11;pass123;Popmusik;
11610111511611711510111450;testuser2;secure;Rockmusik;
1091171151059910811111810111451;musiclover3;mysecret;HipHop;
9911110010111452;coder4;code42;Jazz;
10311710111511653;guest5;hello;Techno;
971081121049754;alpha6;alpha1;Klassik;
981011169755;beta7;beta2;RnB;
103971091099756;gamma8;gamma3;House;
1001011081169757;delta9;delta4;Rap;
1011121151051081111104948;epsilon10;epsilon5;Popmusik;
1111101014949;one11;one1;Rockmusik;
1161191114950;two12;two2;HipHop;
1161041141011014951;three13;three3;Jazz;
1021111171144952;four14;four4;Techno;
1021051181014953;five15;five5;Klassik;
1141011004954;red16;red1;RnB;
1031141011011104955;green17;green2;House;
981081171014956;blue18;blue3;Rap;
1211011081081111194957;yellow19;yellow4;Popmusik;
1121171141121081015048;purple20;purple5;Rockmusik;
1151171105049;sun21;sun1;HipHop;
1091111111105050;moon22;moon2;Jazz;
115116971145051;star23;star3;Techno;
112108971101011165052;planet24;planet4;Klassik;
991111091011165053;comet25;comet5;RnB;
11199101971105054;ocean26;ocean1;House;
1141051181011145055;river27;river2;Rap;
109111117110116971051105056;mountain28;mountain3;Popmusik;
118971081081011215057;valley29;valley4;Rockmusik;
1021111141011151165148;forest30;forest5;HipHop;
117115101114495149;user131;pass123;Jazz;
1161011151161171151011145150;testuser32;secure;Techno;
109117115105991081111181011145151;musiclover33;mysecret;Klassik;
991111001011145152;coder34;code42;RnB;
1031171011151165153;guest35;hello;House;
97108112104975154;alpha36;alpha1;Rap;
98101116975155;beta37;beta2;Popmusik;
10397109109975156;gamma38;gamma3;Rockmusik;
100101108116975157;delta39;delta4;HipHop;
1011121151051081111105248;epsilon40;epsilon5;Jazz;
1111101015249;one41;one1;Techno;
1161191115250;two42;two2;Klassik;
1161041141011015251;three43;three3;RnB;
1021111171145252;four44;four4;House;
1021051181015253;five45;five5;Rap;
1141011005254;red46;red1;Popmusik;
1031141011011105255;green47;green2;Rockmusik;
981081171015256;blue48;blue3;HipHop;
1211011081081111195257;yellow49;yellow4;Jazz;
1121171141121081015348;purple50;purple5;Techno;
1151171105349;sun51;sun1;Klassik;
1091111111105350;moon52;moon2;RnB;
115116971145351;star53;star3;House;
112108971101011165352;planet54;planet4;Rap;
991111091011165353;comet55;comet5;Popmusik;
11199101971105354;ocean56;ocean1;Rockmusik;
1141051181011145355;river57;river2;HipHop;
109111117110116971051105356;mountain58;mountain3;Jazz;
118971081081011215357;valley59;valley4;Techno;
1021111141011151165448;forest60;forest5;Klassik;
117115101114495449;user161;pass123;RnB;
1161011151161171151011145450;testuser62;secure;House;
109117115105991081111181011145451;musiclover63;mysecret;Rap;
991111001011145452;coder64;code42;Popmusik;
1031171011151165453;guest65;hello;Rockmusik;
97108112104975454;alpha66;alpha1;HipHop;
98101116975455;beta67;beta2;Jazz;
10397109109975456;gamma68;gamma3;Techno;
100101108116975457;delta69;delta4;Klassik;
1011121151051081111105548;epsilon70;epsilon5;RnB;
1111101015549;one71;one1;House;
1161191115550;two72;two2;Rap;
1161041141011015551;three73;three3;Popmusik;
1021111171145552;four74;four4;Rockmusik;
1021051181015553;five75;five5;HipHop;
1141011005554;red76;red1;Jazz;
1031141011011105555;green77;green2;Techno;
981081171015556;blue78;blue3;Klassik;
1211011081081111195557;yellow79;yellow4;RnB;
1121171141121081015648;purple80;purple5;House;
1151171105649;sun81;sun1;Rap;
1091111111105650;moon82;moon2;Popmusik;
115116971145651;star83;star3;Rockmusik;
112108971101011165652;planet84;planet4;HipHop;
991111091011165653;comet85;comet5;Jazz;
11199101971105654;ocean86;ocean1;Techno;
1141051181011145655;river87;river2;Klassik;
109111117110116971051105656;mountain88;mountain3;RnB;
118971081081011215657;valley89;valley4;House;
1021111141011151165748;forest90;forest5;Rap;
117115101114495749;user191;pass123;Popmusik;
1161011151161171151011145750;testuser92;secure;Rockmusik;
109117115105991081111181011145751;musiclover93;mysecret;HipHop;
991111001011145752;coder94;code42;Jazz;
1031171011151165753;guest95;hello;Techno;
97108112104975754;alpha96;alpha1;Klassik;
98101116975755;beta97;beta2;RnB;
10397109109975756;gamma98;gamma3;House;
100101108116975757;delta99;delta4;Rap;
101112115105108111110494848;epsilon100;epsilon5;Popmusik;
111110101494849;one101;one1;Rockmusik;
116119111494850;two102;two2;HipHop;
116104114101101494851;three103;three3;Jazz;
102111117114494852;four104;four4;Techno;
102105118101494853;five105;five5;Klassik;
114101100494854;red106;red1;RnB;
103114101101110494855;green107;green2;House;
98108117101494856;blue108;blue3;Rap;
121101108108111119494857;yellow109;yellow4;Popmusik;
112117114112108101494948;purple110;purple5;Rockmusik;
115117110494949;sun111;sun1;HipHop;
109111111110494950;moon112;moon2;Jazz;
11511697114494951;star113;star3;Techno;
11210897110101116494952;planet114;planet4;Klassik;
99111109101116494953;comet115;comet5;RnB;
1119910197110494954;ocean116;ocean1;House;
114105118101114494955;river117;river2;Rap;
10911111711011697105110494956;mountain118;mountain3;Popmusik;
11897108108101121494957;valley119;valley4;Rockmusik;
102111114101115116495048;forest120;forest5;HipHop;
11711510111449495049;user1121;pass123;Jazz;
116101115116117115101114495050;testuser122;secure;Techno;
10911711510599108111118101114495051;musiclover123;mysecret;Klassik;
99111100101114495052;coder124;code42;RnB;
103117101115116495053;guest125;hello;House;
9710811210497495054;alpha126;alpha1;Rap;
9810111697495055;beta127;beta2;Popmusik;
1039710910997495056;gamma128;gamma3;Rockmusik;
10010110811697495057;delta129;delta4;HipHop;
101112115105108111110495148;epsilon130;epsilon5;Jazz;
111110101495149;one131;one1;Techno;
116119111495150;two132;two2;Klassik;
116104114101101495151;three133;three3;RnB;
102111117114495152;four134;four4;House;
102105118101495153;five135;five5;Rap;
114101100495154;red136;red1;Popmusik;
103114101101110495155;green137;green2;Rockmusik;
98108117101495156;blue138;blue3;HipHop;
121101108108111119495157;yellow139;yellow4;Jazz;
112117114112108101495248;purple140;purple5;Techno;
115117110495249;sun141;sun1;Klassik;
109111111110495250;moon142;moon2;RnB;
11511697114495251;star143;star3;House;
11210897110101116495252;planet144;planet4;Rap;
99111109101116495253;comet145;comet5;Popmusik;
1119910197110495254;ocean146;ocean1;Rockmusik;
114105118101114495255;river147;river2;HipHop;
10911111711011697105110495256;mountain148;mountain3;Jazz;
11897108108101121495257;valley149;valley4;Techno;
102111114101115116495348;forest150;forest5;Klassik;
11711510111449495349;user1151;pass123;RnB;
116101115116117115101114495350;testuser152;secure;House;
10911711510599108111118101114495351;musiclover153;mysecret;Rap;
99111100101114495352;coder154;code42;Popmusik;
103117101115116495353;guest155;hello;Rockmusik;
9710811210497495354;alpha156;alpha1;HipHop;
9810111697495355;beta157;beta2;Jazz;
1039710910997495356;gamma158;gamma3;Techno;
10010110811697495357;delta159;delta4;Klassik;
101112115105108111110495448;epsilon160;epsilon5;RnB;
111110101495449;one161;one1;House;
116119111495450;two162;two2;Rap;
116104114101101495451;three163;three3;Popmusik;
102111117114495452;four164;four4;Rockmusik;
102105118101495453;five165;five5;HipHop;
114101100495454;red166;red1;Jazz;
103114101101110495455;green167;green2;Techno;
98108117101495456;blue168;blue3;Klassik;
121101108108111119495457;yellow169;yellow4;RnB;
112117114112108101495548;purple170;purple5;House;
115117110495549;sun171;sun1;Rap;
109111111110495550;moon172;moon2;Popmusik;
11511697114495551;star173;star3;Rockmusik;
11210897110101116495552;planet174;planet4;HipHop;
99111109101116495553;comet175;comet5;Jazz;
1119910197110495554;ocean176;ocean1;Techno;
114105118101114495555;river177;river2;Klassik;
10911111711011697105110495556;mountain178;mountain3;RnB;
11897108108101121495557;valley179;valley4;House;
102111114101115116495648;forest180;forest5;Rap;
11711510111449495649;user1181;pass123;Popmusik;
116101115116117115101114495650;testuser182;secure;Rockmusik;
10911711510599108111118101114495651;musiclover183;mysecret;HipHop;
99111100101114495652;coder184;code42;Jazz;
103117101115116495653;guest185;hello;Techno;
9710811210497495654;alpha186;alpha1;Klassik;
9810111697495655;beta187;beta2;RnB;
1039710910997495656;gamma188;gamma3;House;
10010110811697495657;delta189;delta4;Rap;
101112115105108111110495748;epsilon190;epsilon5;Popmusik;
111110101495749;one191;one1;Rockmusik;
116119111495750;two192;two2;HipHop;
116104114101101495751;three193;three3;Jazz;
102111117114495752;four194;four4;Techno;
102105118101495753;five195;five5;Klassik;
114101100495754;red196;red1;RnB;
103114101101110495755;green197;green2;House;
98108117101495756;blue198;blue3;Rap;
121101108108111119495757;yellow199;yellow4;Popmusik;
112117114112108101504848;purple200;purple5;Rockmusik;
9997114108111115;carlos;345;Rockmusik;one191
